review_id,platform,user_id,product,rating,text,timestamp,user_age_band,user_segment
R00001,小红书,u_a1b2c3d4,花西子 空气蜜粉,5,回购第三次了，粉质细腻服帖，持妆一整天没脱妆，包装颜值高，奶油肌 yyds！,2025-06-03 12:14,24-30,通勤族
R00002,小红书,u_b2c3d4e5,花西子 空气蜜粉,5,被同事追问链接的奶油肌速成指南！早八通勤30秒搞定，敏感肌友好，性价比绝绝子。,2025-06-05 09:31,24-30,通勤族
R00003,小红书,u_c3d4e5f6,花西子 空气蜜粉,4,包装好看，国风雕花真的太戳我了。粉质也细腻，唯一的小遗憾是盒子有点重。,2025-06-08 21:02,18-23,学生党
R00004,小红书,u_d4e5f6a7,花西子 空气蜜粉,3,粉质还行，控油一般，T区2小时就斑驳了，性价比中等吧。,2025-06-11 15:44,24-30,成分党
R00005,小红书,u_e5f6a7b8,花西子 空气蜜粉,2,真的踩雷了姐妹们，T区2小时就斑驳了，拔干起皮到我怀疑人生。,2025-06-14 11:20,24-30,通勤族
R00006,小红书,u_f6a7b8c9,花西子 空气蜜粉,5,学生党闭眼入！平价好用，国货之光，被闺蜜抢走了一盒。,2025-06-17 18:55,18-23,学生党
R00007,小红书,u_a7b8c9d0,花西子 空气蜜粉,5,包装高级感拉满，送礼首选。粉质细腻，服帖，持妆8小时。,2025-06-20 22:13,31-40,精致妈妈
R00008,小红书,u_b8c9d0e1,花西子 空气蜜粉,4,上脸就是奶油肌，妈生皮的感觉。色号自然，适合黄皮。,2025-06-23 08:47,24-30,通勤族
R00009,小红书,u_c9d0e1f2,花西子 空气蜜粉,1,过敏了！用了3天就闷痘，敏感肌别碰。客服也不回消息。,2025-06-26 14:08,31-40,成分党
R00010,小红书,u_d0e1f2a3,花西子 空气蜜粉,5,送女朋友的，包装颜值高，国风设计很惊艳。她说粉质很细腻，好用。,2025-06-29 19:36,18-23,学生党
R00011,微博,u_e1f2a3b4,花西子 空气蜜粉,5,今天被夸了！出门约会一整天都没脱妆，奶油肌一整天。花西子空气蜜粉真的绝。,2025-07-02 10:25,24-30,通勤族
R00012,微博,u_f2a3b4c5,花西子 空气蜜粉,3,还行吧，一般般。粉质可以，但色号偏白，黄皮慎入。,2025-07-05 16:18,24-30,通勤族
R00013,微博,u_a3b4c5d6,花西子 空气蜜粉,4,持妆真的可以，8小时没问题。但是包装太重了，携带不方便。,2025-07-08 21:42,31-40,精致妈妈
R00014,微博,u_b4c5d6e7,花西子 空气蜜粉,5,回购囤货！平价好用，国货之光，成分透明，敏感肌友好。,2025-07-11 12:09,24-30,成分党
R00015,微博,u_c5d6e7f8,花西子 空气蜜粉,2,浮粉到我怀疑人生，T区出油两小时就斑驳。完全不是宣传的那样。,2025-07-14 17:33,24-30,通勤族
R00016,微博,u_d6e7f8a9,花西子 空气蜜粉,5,妈生皮奶油肌，国风包装太戳我了。送礼自用两相宜。,2025-07-17 09:55,31-40,精致妈妈
R00017,微博,u_e7f8a9b0,花西子 空气蜜粉,1,过敏泛红，刺痛。敏感肌千万别买。客服也不处理。,2025-07-20 14:21,31-40,成分党
R00018,微博,u_f8a9b0c1,花西子 空气蜜粉,4,粉质细腻，服帖。但是价位有点贵，性价比一般。,2025-07-23 19:48,24-30,通勤族
R00019,微博,u_a9b0c1d2,花西子 空气蜜粉,5,平价奶油肌，学生党首选！答辩约会都适用。,2025-07-26 11:15,18-23,学生党
R00020,微博,u_b0c1d2e3,花西子 空气蜜粉,3,无功无过吧，控油可以但保湿不行。混干皮慎入。,2025-07-29 16:42,24-30,成分党
R00021,天猫,u_c1d2e3f4,花西子 空气蜜粉,5,（已确认收货）回购第三次了，全家都在用。粉质细腻，性价比高，包装好看。,2025-08-01 13:08,31-40,精致妈妈
R00022,天猫,u_d2e3f4a5,花西子 空气蜜粉,4,（已确认收货）粉质细腻，服帖，自然。但是氧化有点快，4小时就暗沉了。,2025-08-04 18:34,24-30,通勤族
R00023,天猫,u_e3f4a5b6,花西子 空气蜜粉,2,（已确认收货）快递压坏了包装，而且客服态度差，难用。,2025-08-07 10:57,24-30,通勤族
R00024,天猫,u_f4a5b6c7,花西子 空气蜜粉,5,（已确认收货）国货之光，奶油肌一整天。送给闺蜜她也喜欢。,2025-08-10 22:14,18-23,学生党
R00025,天猫,u_a5b6c7d8,花西子 空气蜜粉,1,（已确认收货）完全不是宣传的那样，拔干起皮，假白，假面。,2025-08-13 09:39,24-30,通勤族
R00026,天猫,u_b6c7d8e9,花西子 空气蜜粉,5,（已确认收货）成分透明，敏感肌友好。回购囤货！,2025-08-16 15:02,31-40,成分党
R00027,天猫,u_c7d8e9f0,花西子 空气蜜粉,3,（已确认收货）粉质还行，价格也还行。没什么惊艳的地方。,2025-08-19 20:25,24-30,通勤族
R00028,天猫,u_d8e9f0a1,花西子 空气蜜粉,5,（已确认收货）包装好看，颜值高，粉质细腻，显白。送礼很合适。,2025-08-22 11:48,31-40,精致妈妈
R00029,天猫,u_e9f0a1b2,花西子 空气蜜粉,2,（已确认收货）飞粉到我怀疑人生，漏粉，色差严重。踩雷了。,2025-08-25 17:11,24-30,通勤族
R00030,天猫,u_f0a1b2c3,花西子 空气蜜粉,4,（已确认收货）学生党的平价好物。约会妆容神器，性价比高。,2025-08-28 13:36,18-23,学生党
R00031,小红书,u_a1b2c3d5,花西子 空气蜜粉,5,回购囤货！奶油肌一整天，国风包装太爱了。,2025-08-30 08:52,18-23,学生党
R00032,小红书,u_b2c3d4e6,花西子 空气蜜粉,4,粉质细腻，服帖。但色号偏白，黄皮需要选深一号。,2025-09-02 16:18,24-30,通勤族
R00033,小红书,u_c3d4e5f7,花西子 空气蜜粉,3,控油一般，T区两小时就斑驳了。但包装好看，颜值高。,2025-09-04 11:43,24-30,通勤族
R00034,小红书,u_d4e5f6a8,花西子 空气蜜粉,5,国货之光！敏感肌友好，成分透明。回购第三次了。,2025-09-06 20:07,31-40,成分党
R00035,小红书,u_e5f6a7b9,花西子 空气蜜粉,2,拔干起皮，假白，假面。完全不是宣传的那样。失望。,2025-09-09 13:22,24-30,通勤族
R00036,微博,u_f6a7b8ca,花西子 空气蜜粉,5,今天约会一整天没脱妆！奶油肌 yyds，国风包装绝绝子。,2025-09-12 09:38,24-30,通勤族
R00037,微博,u_a7b8c9db,花西子 空气蜜粉,1,过敏闷痘，刺痛。客服不处理。退货了。,2025-09-15 17:54,31-40,成分党
R00038,微博,u_b8c9d0ec,花西子 空气蜜粉,4,粉质可以，价位略高。但包装好看，送礼合适。,2025-09-18 12:11,31-40,精致妈妈
R00039,微博,u_c9d0e1fd,花西子 空气蜜粉,5,学生党平价好物！约会妆容神器，性价比高。,2025-09-21 19:36,18-23,学生党
R00040,天猫,u_d0e1f2ae,花西子 空气蜜粉,5,（已确认收货）回购囤货，全家都在用。性价比高，包装好看。,2025-09-24 14:02,31-40,精致妈妈
R00041,天猫,u_e1f2a3bf,花西子 空气蜜粉,3,（已确认收货）粉质细腻，但氧化快，4小时就暗沉。,2025-09-26 08:28,24-30,通勤族
R00042,天猫,u_f2a3b4d0,花西子 空气蜜粉,5,（已确认收货）国货之光！奶油肌一整天，妈生皮的感觉。,2025-09-28 16:51,24-30,通勤族
R00043,小红书,u_a3b4c5d1,花西子 空气蜜粉,2,真的踩雷！浮粉飞粉到我怀疑人生，T区两小时斑驳。,2025-09-30 13:15,24-30,通勤族
R00044,小红书,u_b4c5d6e2,花西子 空气蜜粉,5,送礼首选！包装颜值高，国风设计很惊艳。闺蜜很喜欢。,2025-10-02 21:39,18-23,学生党
R00045,微博,u_c5d6e7f3,花西子 空气蜜粉,5,回购囤货！成分透明，敏感肌友好，性价比绝绝子。,2025-10-05 10:04,31-40,成分党
R00046,微博,u_d6e7f8a4,花西子 空气蜜粉,4,粉质细腻，服帖。但价位略高，学生党慎入。,2025-10-08 18:27,18-23,学生党
R00047,天猫,u_e7f8a9b5,花西子 空气蜜粉,1,（已确认收货）过敏泛红，刺痛。客服不回消息。踩雷。,2025-10-11 11:52,31-40,成分党
R00048,天猫,u_f8a9b0c6,花西子 空气蜜粉,5,（已确认收货）妈生皮奶油肌，显白，持妆8小时！回购了。,2025-10-14 17:18,24-30,通勤族
R00049,小红书,u_a9b0c1d7,花西子 空气蜜粉,3,控油一般，但粉质可以。包装好看。,2025-10-17 09:43,24-30,通勤族
R00050,小红书,u_b0c1d2e8,花西子 空气蜜粉,5,国货之光！学生党闭眼入，约会妆容神器。,2025-10-20 14:08,18-23,学生党
